{"cameraMode":{"drawMode":0,"name":"Shaded","section":"Shading Mode"},"sceneLighting":true,"audioPlay":false,"sceneViewState":{"m_AlwaysRefresh":false,"showFog":true,"showSkybox":true,"showFlares":true,"showImageEffects":true,"showParticleSystems":true,"showVisualEffectGraphs":true,"m_FxEnabled":true},"in2DMode":false,"pivot":{"x":1.5153948068618775,"y":2.2401392459869386,"z":-1.0256119966506959},"rotation":{"x":-0.09114852547645569,"y":0.2612196207046509,"z":-0.024784380570054055,"w":-0.960649311542511},"size":1.7896963357925416,"orthographic":false}