{"cameraMode":{"drawMode":0,"name":"Shaded","section":"Shading Mode"},"sceneLighting":true,"audioPlay":false,"sceneViewState":{"m_AlwaysRefresh":false,"showFog":true,"showSkybox":true,"showFlares":true,"showImageEffects":true,"showParticleSystems":true,"showVisualEffectGraphs":true,"m_FxEnabled":true},"in2DMode":false,"pivot":{"x":-0.2626601755619049,"y":-1.8204514980316163,"z":12.127277374267579},"rotation":{"x":-0.2082022726535797,"y":0.057183679193258288,"z":-0.012180879712104798,"w":-0.976346492767334},"size":6.821079730987549,"orthographic":false}